,PeakNumber,startTime,endTime,peakMaxTime,File,Mass,Group,Group_by_ChromAlignNet,AlignedTime,RealAlignedTime
0,0,14.554,14.665,14.615,0,92,0,0,14.617083014540764,14.61697520364879
1,1,14.853,14.977,14.91,0,92,2,3,14.914732747717288,14.914879540385458
2,2,14.987,15.078,15.061,0,92,3,5,15.060365429256013,15.070493807790394
3,3,15.081,15.128,15.081,0,92,3,6,15.098255557757403,15.070493807790394
4,4,16.094,16.225,16.151,0,92,10,17,16.15218983247317,16.152190932644274
5,5,17.017,17.118,17.077,0,92,18,27,17.084047987750232,17.077882848962304
6,6,17.121,17.285,17.175,0,92,19,28,17.17887714813634,17.178833528047246
7,7,17.373,17.477,17.426,0,92,20,31,17.421538031378084,17.42194889563897
8,0,14.921,14.932,14.927999999999999,1,92,2,3,14.914732747717288,14.914879540385458
9,1,14.989,15.109000000000002,15.049000000000001,1,92,3,5,15.060365429256013,15.070493807790394
10,2,15.267000000000001,15.354000000000001,15.300999999999998,1,92,5,10,15.297791348061047,15.297791348061047
11,3,15.559000000000001,15.74,15.619000000000002,1,92,6,12,15.614688706698338,15.615016400515374
12,4,15.837,15.931,15.874,1,92,8,14,15.887785600536125,15.8707250973198
13,5,15.968,16.092,16.039,1,92,9,15,16.008996684978747,16.03531639732246
14,6,16.096,16.21,16.149,1,92,10,17,16.15218983247317,16.152190932644274
15,7,16.723,16.797,16.773,1,92,15,23,16.768314623435607,16.76831462343561
16,8,16.8,16.877,16.827,1,92,16,25,16.86693692571636,16.82503476397018
17,9,16.884,16.951,16.918,1,92,17,26,16.908535934317765,16.908535934317765
18,10,17.002,17.122,17.079,1,92,18,27,17.084047987750232,17.077882848962304
19,11,17.125999999999998,17.3,17.176,1,92,19,28,17.17887714813634,17.178833528047246
20,12,17.377,17.428,17.428,1,92,20,31,17.421538031378084,17.42194889563897
21,0,14.61,14.65,14.613,2,92,0,0,14.617083014540764,14.61697520364879
22,1,14.857999999999999,14.975999999999999,14.905,2,92,2,3,14.914732747717288,14.914879540385458
23,2,14.989,15.11,15.05,2,92,3,5,15.060365429256013,15.070493807790394
24,3,15.562999999999999,15.717,15.613,2,92,6,12,15.614688706698338,15.615016400515374
25,4,15.770999999999999,15.821,15.821,2,92,7,14,15.887785600536125,15.81542460405248
26,5,15.845,15.919,15.872,2,92,8,15,16.008996684978747,15.8707250973198
27,6,15.985999999999999,16.086,16.033,2,92,9,16,16.035956669420155,16.03531639732246
28,7,16.093,16.21,16.15,2,92,10,17,16.15218983247317,16.152190932644274
29,8,16.301,16.425,16.382,2,92,12,19,16.39376036963959,16.38191514747558
30,9,16.442,16.502,16.442,2,92,13,20,16.448454631799272,16.448454631799272
31,10,16.506,16.583,16.535999999999998,2,92,14,21,16.54003087125514,16.54003087125514
32,11,17.002,17.12,17.076,2,92,18,27,17.084047987750232,17.077882848962304
33,12,17.123,17.254,17.173,2,92,19,28,17.17887714813634,17.178833528047246
34,13,17.375,17.479,17.425,2,92,20,31,17.421538031378084,17.42194889563897
35,0,14.555,14.659,14.609000000000002,3,92,0,0,14.617083014540764,14.61697520364879
36,1,14.854000000000001,14.981,14.907,3,92,2,3,14.914732747717288,14.914879540385458
37,2,14.988,15.115,15.052,3,92,3,5,15.060365429256013,15.070493807790394
38,3,15.517999999999999,15.699000000000002,15.612,3,92,6,12,15.614688706698338,15.615016400515374
39,4,15.77,15.817,15.812999999999999,3,92,7,14,15.887785600536125,15.81542460405248
40,5,15.84,15.914000000000001,15.87,3,92,8,15,16.008996684978747,15.8707250973198
41,6,15.994000000000002,16.078,16.031,3,92,9,16,16.035956669420155,16.03531639732246
42,7,16.095,16.206,16.149,3,92,10,17,16.15218983247317,16.152190932644274
43,8,16.719,16.793,16.766,3,92,15,23,16.768314623435607,16.76831462343561
44,9,16.796,16.867,16.823,3,92,16,25,16.86693692571636,16.82503476397018
45,10,17.118,17.249000000000002,17.172,3,92,19,27,17.084047987750232,17.178833528047246
46,0,14.855,14.919,14.899000000000001,4,92,2,3,14.914732747717288,14.914879540385458
47,1,14.979000000000001,15.1,15.036,4,92,3,5,15.060365429256013,15.070493807790394
48,2,15.247,15.338,15.288,4,92,5,10,15.297791348061047,15.297791348061047
49,3,15.543,15.731,15.603,4,92,6,12,15.614688706698338,15.615016400515374
50,4,15.825,15.912,15.860999999999999,4,92,8,14,15.887785600536125,15.8707250973198
51,5,15.969000000000001,16.08,16.026,4,92,9,15,16.008996684978747,16.03531639732246
52,6,16.086,16.19,16.14,4,92,10,17,16.15218983247317,16.152190932644274
53,7,16.214000000000002,16.274,16.244,4,92,11,18,16.22983361429619,16.25402327528519
54,8,16.294,16.422,16.368,4,92,12,19,16.39376036963959,16.38191514747558
55,9,16.432000000000002,16.512,16.442,4,92,13,20,16.448454631799272,16.448454631799272
56,10,16.71,16.781,16.757,4,92,15,23,16.768314623435607,16.76831462343561
57,11,16.784000000000002,16.858,16.811,4,92,16,25,16.86693692571636,16.82503476397018
58,12,16.985,17.113,17.066,4,92,18,27,17.084047987750232,17.077882848962304
59,13,17.116,17.23,17.163,4,92,19,28,17.17887714813634,17.178833528047246
60,14,17.354,17.485,17.408,4,92,20,31,17.421538031378084,17.42194889563897
61,0,14.544,14.587,14.584000000000001,5,92,0,0,14.617083014540764,14.61697520364879
62,1,14.587,14.664000000000001,14.610999999999999,5,92,0,1,14.610999999999999,14.61697520364879
63,2,14.852,14.98,14.905999999999999,5,92,2,3,14.914732747717288,14.914879540385458
64,3,14.985999999999999,15.117,15.057,5,92,3,5,15.060365429256013,15.070493807790394
65,4,15.127,15.174000000000001,15.130999999999998,5,92,4,8,15.136924726796751,15.151234637803341
66,5,15.56,15.690999999999999,15.614,5,92,6,12,15.614688706698338,15.615016400515374
67,6,15.842,15.925999999999998,15.872,5,92,8,14,15.887785600536125,15.8707250973198
68,7,15.985999999999999,16.087,16.037,5,92,9,15,16.008996684978747,16.03531639732246
69,8,16.097,16.208,16.151,5,92,10,17,16.15218983247317,16.152190932644274
70,9,16.442999999999998,16.486,16.445999999999998,5,92,13,20,16.448454631799272,16.448454631799272
71,10,16.506,16.577,16.537,5,92,14,21,16.54003087125514,16.54003087125514
72,11,16.730999999999998,16.792,16.768,5,92,15,23,16.768314623435607,16.76831462343561
73,12,17.033,17.12,17.077,5,92,18,27,17.084047987750232,17.077882848962304
74,13,17.124000000000002,17.248,17.174,5,92,19,28,17.17887714813634,17.178833528047246
75,0,14.542,14.659,14.609000000000002,6,92,0,0,14.617083014540764,14.61697520364879
76,1,14.844000000000001,14.978,14.901,6,92,2,3,14.914732747717288,14.914879540385458
77,2,14.985,15.112,15.059000000000001,6,92,3,5,15.060365429256013,15.070493807790394
78,3,15.545,15.716,15.609000000000002,6,92,6,12,15.614688706698338,15.615016400515374
79,4,15.76,15.837,15.807,6,92,7,14,15.887785600536125,15.81542460405248
80,5,15.841,15.924000000000001,15.867,6,92,8,15,16.008996684978747,15.8707250973198
81,6,15.985,16.072,16.028,6,92,9,16,16.035956669420155,16.03531639732246
82,7,16.089000000000002,16.213,16.142,6,92,10,17,16.15218983247317,16.152190932644274
83,8,16.293,16.424,16.367,6,92,12,19,16.39376036963959,16.38191514747558
84,9,16.491,16.579,16.535,6,92,14,21,16.54003087125514,16.54003087125514
85,10,16.582,16.622,16.622,6,92,-1,22,16.622508032428158,16.622
86,11,16.715999999999998,16.79,16.762999999999998,6,92,15,23,16.768314623435607,16.76831462343561
87,12,16.793,16.86,16.82,6,92,16,25,16.86693692571636,16.82503476397018
88,13,16.864,16.954,16.901,6,92,17,26,16.908535934317765,16.908535934317765
89,14,17.035,17.109,17.072,6,92,18,27,17.084047987750232,17.077882848962304
90,15,17.115,17.236,17.169,6,92,19,28,17.17887714813634,17.178833528047246
91,0,14.565,14.675999999999998,14.619000000000002,7,92,0,0,14.617083014540764,14.61697520364879
92,1,14.86,14.991,14.917,7,92,2,3,14.914732747717288,14.914879540385458
93,2,14.998,15.095,15.078,7,92,3,5,15.060365429256013,15.070493807790394
94,3,15.097999999999999,15.149000000000001,15.102,7,92,3,6,15.098255557757403,15.070493807790394
95,4,16.004,16.088,16.041,7,92,9,14,15.887785600536125,16.03531639732246
96,5,16.098,16.226,16.155,7,92,10,17,16.15218983247317,16.152190932644274
97,6,17.031,17.122,17.081,7,92,18,27,17.084047987750232,17.077882848962304
98,7,17.125,17.259,17.182000000000002,7,92,19,28,17.17887714813634,17.178833528047246
99,0,14.71,14.794,14.76,8,92,1,2,14.767794573208272,14.767794573208272
100,1,14.847999999999999,14.895,14.890999999999998,8,92,2,3,14.914732747717288,14.914879540385458
101,2,14.895,14.965,14.921,8,92,2,4,14.93663638489459,14.914879540385458
102,3,14.975,15.089,15.032,8,92,3,5,15.060365429256013,15.070493807790394
103,4,15.17,15.2,15.175999999999998,8,92,4,9,15.176721350223145,15.151234637803341
104,5,15.277000000000001,15.314,15.304,8,92,5,10,15.297791348061047,15.297791348061047
105,6,15.545,15.71,15.602,8,92,6,12,15.614688706698338,15.615016400515374
106,7,15.814,15.911,15.854000000000001,8,92,8,14,15.887785600536125,15.8707250973198
107,8,15.937999999999999,16.076,16.019000000000002,8,92,9,15,16.008996684978747,16.03531639732246
108,9,16.079,16.183,16.123,8,92,10,17,16.15218983247317,16.152190932644274
109,10,16.378,16.410999999999998,16.378,8,92,12,19,16.39376036963959,16.38191514747558
110,11,16.703,16.773,16.75,8,92,15,23,16.768314623435607,16.76831462343561
111,12,16.777,16.857,16.804000000000002,8,92,16,24,16.820439674030673,16.82503476397018
112,13,16.861,16.948,16.891,8,92,17,26,16.908535934317765,16.908535934317765
113,14,16.980999999999998,17.125999999999998,17.042,8,92,18,25,16.86693692571636,17.077882848962304
114,15,17.243,17.287,17.243,8,92,-1,30,17.243,17.243
115,16,17.371,17.471,17.408,8,92,20,31,17.421538031378084,17.42194889563897
116,0,14.552999999999999,14.67,14.613,9,92,0,0,14.617083014540764,14.61697520364879
117,1,14.855,14.982000000000001,14.908,9,92,2,3,14.914732747717288,14.914879540385458
118,2,14.989,15.103,15.046,9,92,3,5,15.060365429256013,15.070493807790394
119,3,14.989,15.145999999999999,15.106,9,92,3,6,15.098255557757403,15.070493807790394
120,4,16.096,16.197,16.146,9,92,10,17,16.15218983247317,16.152190932644274
121,5,17.072,17.113,17.072,9,92,18,27,17.084047987750232,17.077882848962304
122,6,17.119,17.24,17.176,9,92,19,28,17.17887714813634,17.178833528047246
123,0,14.864,14.968,14.911,10,92,2,3,14.914732747717288,14.914879540385458
124,1,14.992,15.116,15.052,10,92,3,5,15.060365429256013,15.070493807790394
125,2,15.562000000000001,15.747,15.619000000000002,10,92,6,12,15.614688706698338,15.615016400515374
126,3,15.837,15.927999999999999,15.874,10,92,8,14,15.887785600536125,15.8707250973198
127,4,15.958,16.092,16.039,10,92,9,15,16.008996684978747,16.03531639732246
128,5,16.096,16.206,16.153,10,92,10,17,16.15218983247317,16.152190932644274
129,6,16.317,16.441,16.391,10,92,12,19,16.39376036963959,16.38191514747558
130,7,16.715999999999998,16.797,16.773,10,92,15,23,16.768314623435607,16.76831462343561
131,8,16.8,16.881,16.824,10,92,16,25,16.86693692571636,16.82503476397018
132,9,17.005,17.136,17.079,10,92,18,27,17.084047987750232,17.077882848962304
133,10,17.139,17.247,17.179000000000002,10,92,19,28,17.17887714813634,17.178833528047246
134,11,17.371,17.485,17.428,10,92,20,31,17.421538031378084,17.42194889563897
135,0,14.549000000000001,14.665999999999999,14.613,11,92,0,0,14.617083014540764,14.61697520364879
136,1,14.857999999999999,14.982000000000001,14.908,11,92,2,3,14.914732747717288,14.914879540385458
137,2,14.989,15.116,15.056,11,92,3,5,15.060365429256013,15.070493807790394
138,3,15.562000000000001,15.732999999999999,15.619000000000002,11,92,6,12,15.614688706698338,15.615016400515374
139,4,15.764000000000001,15.844000000000001,15.814,11,92,7,14,15.887785600536125,15.81542460405248
140,5,15.870999999999999,15.925,15.870999999999999,11,92,8,15,16.008996684978747,15.8707250973198
141,6,15.988,16.086,16.035,11,92,9,16,16.035956669420155,16.03531639732246
142,7,16.092,16.22,16.149,11,92,10,17,16.15218983247317,16.152190932644274
143,8,17.022000000000002,17.119,17.075,11,92,18,27,17.084047987750232,17.077882848962304
144,9,17.122,17.257,17.173,11,92,19,28,17.17887714813634,17.178833528047246
145,0,14.548,14.588,14.588,12,92,0,0,14.617083014540764,14.61697520364879
146,1,14.85,14.91,14.902999999999999,12,92,2,3,14.914732747717288,14.914879540385458
147,2,14.991,15.107999999999999,15.050999999999998,12,92,3,5,15.060365429256013,15.070493807790394
148,3,15.110999999999999,15.172,15.135,12,92,4,8,15.136924726796751,15.151234637803341
149,4,15.558,15.755999999999998,15.615,12,92,6,12,15.614688706698338,15.615016400515374
150,5,15.84,15.923,15.873,12,92,8,14,15.887785600536125,15.8707250973198
151,6,15.984000000000002,16.090999999999998,16.037,12,92,9,15,16.008996684978747,16.03531639732246
152,7,16.098,16.209,16.152,12,92,10,17,16.15218983247317,16.152190932644274
153,8,16.729,16.796,16.772000000000002,12,92,15,23,16.768314623435607,16.76831462343561
154,9,16.799,16.87,16.829,12,92,16,25,16.86693692571636,16.82503476397018
155,10,16.873,16.957,16.913,12,92,17,26,16.908535934317765,16.908535934317765
156,11,17.01,17.118,17.081,12,92,18,27,17.084047987750232,17.077882848962304
157,12,17.125,17.249000000000002,17.175,12,92,19,28,17.17887714813634,17.178833528047246
158,13,17.373,17.48,17.43,12,92,20,31,17.421538031378084,17.42194889563897
159,0,14.559000000000001,14.66,14.616,13,92,0,0,14.617083014540764,14.61697520364879
160,1,14.857999999999999,14.982000000000001,14.915,13,92,2,3,14.914732747717288,14.914879540385458
161,2,14.995999999999999,15.123,15.065999999999999,13,92,3,5,15.060365429256013,15.070493807790394
162,3,15.569,15.757,15.626,13,92,6,12,15.614688706698338,15.615016400515374
163,4,15.767000000000001,15.850999999999999,15.818,13,92,7,14,15.887785600536125,15.81542460405248
164,5,15.857999999999999,15.937999999999999,15.878,13,92,8,15,16.008996684978747,15.8707250973198
165,6,16.002,16.083,16.046,13,92,9,16,16.035956669420155,16.03531639732246
166,7,16.102999999999998,16.22,16.156,13,92,10,17,16.15218983247317,16.152190932644274
167,8,16.354,16.432000000000002,16.398,13,92,12,19,16.39376036963959,16.38191514747558
168,9,16.505,16.586,16.546,13,92,14,21,16.54003087125514,16.54003087125514
169,10,16.589000000000002,16.625999999999998,16.623,13,92,-1,22,16.622508032428158,16.623
170,11,16.737000000000002,16.801,16.774,13,92,15,23,16.768314623435607,16.76831462343561
171,12,16.804000000000002,16.881,16.834,13,92,16,25,16.86693692571636,16.82503476397018
172,13,17.039,17.123,17.082,13,92,18,27,17.084047987750232,17.077882848962304
173,14,17.125999999999998,17.25,17.183,13,92,19,28,17.17887714813634,17.178833528047246
174,15,17.398,17.428,17.428,13,92,20,31,17.421538031378084,17.42194889563897
175,0,14.993,15.110999999999999,15.05,14,92,3,5,15.060365429256013,15.070493807790394
176,1,15.258,15.345,15.298,14,92,5,10,15.297791348061047,15.297791348061047
177,2,15.557,15.720999999999998,15.614,14,92,6,12,15.614688706698338,15.615016400515374
178,3,15.839,15.919,15.872,14,92,8,14,15.887785600536125,15.8707250973198
179,4,15.985999999999999,16.09,16.037,14,92,9,15,16.008996684978747,16.03531639732246
180,5,16.094,16.198,16.147000000000002,14,92,10,17,16.15218983247317,16.152190932644274
181,6,16.315,16.433,16.386,14,92,12,19,16.39376036963959,16.38191514747558
182,7,16.449,16.512999999999998,16.453,14,92,13,20,16.448454631799272,16.448454631799272
183,8,16.727999999999998,16.792,16.771,14,92,15,23,16.768314623435607,16.76831462343561
184,9,16.822,16.862000000000002,16.825,14,92,16,24,16.820439674030673,16.82503476397018
185,10,16.865,16.973,16.906,14,92,17,26,16.908535934317765,16.908535934317765
186,11,17.0,17.13,17.077,14,92,18,27,17.084047987750232,17.077882848962304
187,12,17.134,17.244,17.174,14,92,19,28,17.17887714813634,17.178833528047246
188,13,17.362000000000002,17.489,17.419,14,92,20,31,17.421538031378084,17.42194889563897
189,0,14.863,14.984000000000002,14.91,15,92,2,3,14.914732747717288,14.914879540385458
190,1,14.987,15.118,15.050999999999998,15,92,3,5,15.060365429256013,15.070493807790394
191,2,15.182,15.215,15.192,15,92,4,9,15.176721350223145,15.151234637803341
192,3,15.275,15.306,15.306,15,92,5,10,15.297791348061047,15.297791348061047
193,4,15.561,15.738,15.618,15,92,6,12,15.614688706698338,15.615016400515374
194,5,15.839,15.925999999999998,15.876,15,92,8,14,15.887785600536125,15.8707250973198
195,6,15.963,16.090999999999998,16.037,15,92,9,15,16.008996684978747,16.03531639732246
196,7,16.094,16.208,16.151,15,92,10,17,16.15218983247317,16.152190932644274
197,8,16.212,16.302,16.259,15,92,11,18,16.22983361429619,16.25402327528519
198,9,16.715,16.789,16.772000000000002,15,92,15,23,16.768314623435607,16.76831462343561
199,10,16.792,16.875999999999998,16.829,15,92,16,25,16.86693692571636,16.82503476397018
200,11,16.879,16.95,16.916,15,92,17,26,16.908535934317765,16.908535934317765
201,12,17.003,17.121,17.074,15,92,18,27,17.084047987750232,17.077882848962304
202,13,17.131,17.252,17.174,15,92,19,28,17.17887714813634,17.178833528047246
203,14,17.369,17.49,17.433,15,92,20,31,17.421538031378084,17.42194889563897
204,0,14.868,14.985999999999999,14.939,16,92,2,3,14.914732747717288,14.914879540385458
205,1,14.992,15.113,15.052999999999999,16,92,3,5,15.060365429256013,15.070493807790394
206,2,15.16,15.18,15.167,16,92,4,9,15.176721350223145,15.151234637803341
207,3,15.562999999999999,15.734000000000002,15.616,16,92,6,12,15.614688706698338,15.615016400515374
208,4,15.841,15.925,15.878,16,92,8,14,15.887785600536125,15.8707250973198
209,5,15.972000000000001,16.093,16.039,16,92,9,15,16.008996684978747,16.03531639732246
210,6,16.096,16.207,16.15,16,92,10,17,16.15218983247317,16.152190932644274
211,7,16.381,16.432000000000002,16.385,16,92,12,19,16.39376036963959,16.38191514747558
212,8,16.72,16.797,16.774,16,92,15,23,16.768314623435607,16.76831462343561
213,9,16.801,16.868,16.828,16,92,16,24,16.820439674030673,16.82503476397018
214,10,16.871,16.999000000000002,16.908,16,92,17,26,16.908535934317765,16.908535934317765
215,11,17.002,17.136,17.073,16,92,18,27,17.084047987750232,17.077882848962304
216,12,17.14,17.244,17.183,16,92,19,28,17.17887714813634,17.178833528047246
217,13,17.375,17.499000000000002,17.428,16,92,20,31,17.421538031378084,17.42194889563897
218,0,14.552999999999999,14.68,14.616,17,92,0,0,14.617083014540764,14.61697520364879
219,1,14.857999999999999,14.989,14.915,17,92,2,3,14.914732747717288,14.914879540385458
220,2,14.992,15.123,15.065999999999999,17,92,3,5,15.060365429256013,15.070493807790394
221,3,15.133,15.183,15.133,17,92,4,8,15.136924726796751,15.151234637803341
222,4,15.579,15.657,15.623,17,92,6,12,15.614688706698338,15.615016400515374
223,5,16.005,16.039,16.039,17,92,9,14,15.887785600536125,16.03531639732246
224,6,16.102999999999998,16.217,16.156,17,92,10,17,16.15218983247317,16.152190932644274
225,7,16.307000000000002,16.432000000000002,16.385,17,92,12,19,16.39376036963959,16.38191514747558
226,8,16.505,16.586,16.546,17,92,14,21,16.54003087125514,16.54003087125514
227,9,16.73,16.801,16.774,17,92,15,23,16.768314623435607,16.76831462343561
228,10,16.804000000000002,16.885,16.834,17,92,16,25,16.86693692571636,16.82503476397018
229,11,16.915,16.958,16.915,17,92,17,26,16.908535934317765,16.908535934317765
230,12,17.032,17.123,17.082,17,92,18,27,17.084047987750232,17.077882848962304
231,13,17.125999999999998,17.257,17.18,17,92,19,28,17.17887714813634,17.178833528047246
232,14,17.398,17.425,17.425,17,92,20,31,17.421538031378084,17.42194889563897
233,0,14.744000000000002,14.770999999999999,14.770999999999999,18,92,1,2,14.767794573208272,14.767794573208272
234,1,14.862,14.982999999999999,14.912,18,92,2,3,14.914732747717288,14.914879540385458
235,2,14.985999999999999,15.117,15.05,18,92,3,5,15.060365429256013,15.070493807790394
236,3,15.261,15.342,15.298,18,92,5,10,15.297791348061047,15.297791348061047
237,4,15.552999999999999,15.738,15.613,18,92,6,12,15.614688706698338,15.615016400515374
238,5,15.838,15.929,15.872,18,92,8,14,15.887785600536125,15.8707250973198
239,6,15.993,16.076,16.035999999999998,18,92,9,15,16.008996684978747,16.03531639732246
240,7,16.12,16.197,16.154,18,92,10,17,16.15218983247317,16.152190932644274
241,8,16.301,16.432000000000002,16.378,18,92,12,19,16.39376036963959,16.38191514747558
242,9,16.439,16.519000000000002,16.456,18,92,13,20,16.448454631799272,16.448454631799272
243,10,16.724,16.791,16.768,18,92,15,23,16.768314623435607,16.76831462343561
244,11,16.794,16.872,16.820999999999998,18,92,16,25,16.86693692571636,16.82503476397018
245,12,16.875,16.969,16.912,18,92,17,26,16.908535934317765,16.908535934317765
246,13,17.006,17.127,17.076,18,92,18,27,17.084047987750232,17.077882848962304
247,14,17.13,17.241,17.174,18,92,19,28,17.17887714813634,17.178833528047246
248,15,17.358,17.486,17.422,18,92,20,31,17.421538031378084,17.42194889563897
249,0,14.546,14.66,14.61,19,92,0,0,14.617083014540764,14.61697520364879
250,1,14.857999999999999,14.982000000000001,14.908,19,92,2,3,14.914732747717288,14.914879540385458
251,2,14.985999999999999,15.113,15.052999999999999,19,92,3,5,15.060365429256013,15.070493807790394
252,3,15.13,15.18,15.133,19,92,4,8,15.136924726796751,15.151234637803341
253,4,15.559000000000001,15.741,15.62,19,92,6,12,15.614688706698338,15.615016400515374
254,5,15.780999999999999,15.824000000000002,15.821,19,92,7,14,15.887785600536125,15.81542460405248
255,6,15.847999999999999,15.925,15.870999999999999,19,92,8,15,16.008996684978747,15.8707250973198
256,7,15.979000000000001,16.089000000000002,16.039,19,92,9,16,16.035956669420155,16.03531639732246
257,8,16.093,16.217,16.153,19,92,10,17,16.15218983247317,16.152190932644274
258,9,17.026,17.12,17.079,19,92,18,27,17.084047987750232,17.077882848962304
259,10,17.123,17.25,17.173,19,92,19,28,17.17887714813634,17.178833528047246
260,0,14.734000000000002,14.798,14.775,20,92,1,2,14.767794573208272,14.767794573208272
261,1,14.859000000000002,14.902000000000001,14.902000000000001,20,92,2,3,14.914732747717288,14.914879540385458
262,2,14.985999999999999,15.1,15.04,20,92,3,5,15.060365429256013,15.070493807790394
263,3,15.103,15.124,15.124,20,92,4,8,15.136924726796751,15.151234637803341
264,4,15.254000000000001,15.332,15.290999999999999,20,92,5,10,15.297791348061047,15.297791348061047
265,5,15.55,15.744000000000002,15.607000000000001,20,92,6,12,15.614688706698338,15.615016400515374
266,6,15.825,15.922,15.865,20,92,8,14,15.887785600536125,15.8707250973198
267,7,15.979000000000001,16.08,16.026,20,92,9,15,16.008996684978747,16.03531639732246
268,8,16.083,16.191,16.14,20,92,10,17,16.15218983247317,16.152190932644274
269,9,16.211,16.281,16.244,20,92,11,18,16.22983361429619,16.25402327528519
270,10,16.305,16.419,16.372,20,92,12,19,16.39376036963959,16.38191514747558
271,11,16.711,16.788,16.761,20,92,15,23,16.768314623435607,16.76831462343561
272,12,16.791,16.855,16.820999999999998,20,92,16,24,16.820439674030673,16.82503476397018
273,13,16.858,16.969,16.902,20,92,17,26,16.908535934317765,16.908535934317765
274,14,16.989,17.12,17.066,20,92,18,27,17.084047987750232,17.077882848962304
275,15,17.123,17.234,17.167,20,92,19,28,17.17887714813634,17.178833528047246
276,16,17.355,17.476,17.412,20,92,20,31,17.421538031378084,17.42194889563897
277,0,14.55,14.710999999999999,14.624,21,92,0,0,14.617083014540764,14.61697520364879
278,1,14.856,14.995999999999999,14.925999999999998,21,92,2,3,14.914732747717288,14.914879540385458
279,2,15.0,15.094000000000001,15.077,21,92,3,5,15.060365429256013,15.070493807790394
280,3,15.097000000000001,15.120999999999999,15.107000000000001,21,92,3,6,15.098255557757403,15.070493807790394
281,4,15.124,15.241,15.134,21,92,-1,8,15.136924726796751,15.134
282,5,15.577,15.681,15.624,21,92,6,12,15.614688706698338,15.615016400515374
283,6,15.775,15.859000000000002,15.815,21,92,7,14,15.887785600536125,15.81542460405248
284,7,16.003,16.084,16.043,21,92,9,15,16.008996684978747,16.03531639732246
285,8,16.097,16.235,16.157,21,92,10,17,16.15218983247317,16.152190932644274
286,9,17.03,17.124000000000002,17.083,21,92,18,27,17.084047987750232,17.077882848962304
287,10,17.127,17.281,17.187,21,92,19,28,17.17887714813634,17.178833528047246
288,11,17.389,17.426,17.426,21,92,20,31,17.421538031378084,17.42194889563897
289,0,14.755,14.785,14.782,22,92,1,2,14.767794573208272,14.767794573208272
290,1,14.862,14.98,14.913,22,92,2,3,14.914732747717288,14.914879540385458
291,2,14.993,15.114,15.05,22,92,3,5,15.060365429256013,15.070493807790394
292,3,15.265,15.298,15.298,22,92,5,10,15.297791348061047,15.297791348061047
293,4,15.56,15.710999999999999,15.62,22,92,6,12,15.614688706698338,15.615016400515374
294,5,15.842,15.915999999999999,15.875,22,92,8,14,15.887785600536125,15.8707250973198
295,6,15.985999999999999,16.09,16.037,22,92,9,15,16.008996684978747,16.03531639732246
296,7,16.1,16.201,16.154,22,92,10,17,16.15218983247317,16.152190932644274
297,8,16.317999999999998,16.429000000000002,16.385,22,92,12,19,16.39376036963959,16.38191514747558
298,9,16.445999999999998,16.512999999999998,16.449,22,92,13,20,16.448454631799272,16.448454631799272
299,10,16.724,16.795,16.775,22,92,15,23,16.768314623435607,16.76831462343561
300,11,16.798,16.875,16.828,22,92,16,25,16.86693692571636,16.82503476397018
301,12,17.012999999999998,17.124000000000002,17.077,22,92,18,27,17.084047987750232,17.077882848962304
302,13,17.127,17.250999999999998,17.177,22,92,19,28,17.17887714813634,17.178833528047246
303,14,17.375,17.426,17.419,22,92,20,31,17.421538031378084,17.42194889563897
304,0,14.857999999999999,14.965,14.908,23,92,2,3,14.914732747717288,14.914879540385458
305,1,14.985,15.116,15.049000000000001,23,92,3,5,15.060365429256013,15.070493807790394
306,2,15.26,15.350999999999999,15.297,23,92,5,10,15.297791348061047,15.297791348061047
307,3,15.552,15.75,15.613,23,92,6,12,15.614688706698338,15.615016400515374
308,4,15.784,15.811,15.811,23,92,7,14,15.887785600536125,15.81542460405248
309,5,15.834000000000001,15.925,15.874,23,92,8,15,16.008996684978747,15.8707250973198
310,6,15.982000000000001,16.093,16.035999999999998,23,92,9,16,16.035956669420155,16.03531639732246
311,7,16.096,16.207,16.15,23,92,10,17,16.15218983247317,16.152190932644274
312,8,16.213,16.301,16.254,23,92,11,18,16.22983361429619,16.25402327528519
313,9,16.72,16.797,16.77,23,92,15,23,16.768314623435607,16.76831462343561
314,10,16.801,16.874000000000002,16.827,23,92,16,25,16.86693692571636,16.82503476397018
315,11,17.009,17.125999999999998,17.076,23,92,18,27,17.084047987750232,17.077882848962304
316,12,17.129,17.253,17.176,23,92,19,28,17.17887714813634,17.178833528047246
317,13,17.381,17.465,17.421,23,92,20,31,17.421538031378084,17.42194889563897
318,0,14.546,14.683,14.616,24,92,0,0,14.617083014540764,14.61697520364879
319,1,14.850999999999999,14.988,14.915,24,92,2,3,14.914732747717288,14.914879540385458
320,2,14.992,15.082,15.065999999999999,24,92,3,5,15.060365429256013,15.070493807790394
321,3,15.085999999999999,15.099,15.089,24,92,3,6,15.098255557757403,15.070493807790394
322,4,15.103,15.123,15.106,24,92,3,7,15.106,15.070493807790394
323,5,15.123,15.21,15.152999999999999,24,92,4,8,15.136924726796751,15.151234637803341
324,6,15.562000000000001,15.67,15.612,24,92,6,12,15.614688706698338,15.615016400515374
325,7,16.008,16.039,16.035,24,92,9,14,15.887785600536125,16.03531639732246
326,8,16.096,16.215999999999998,16.153,24,92,10,17,16.15218983247317,16.152190932644274
327,9,17.022000000000002,17.119,17.079,24,92,18,27,17.084047987750232,17.077882848962304
328,10,17.122,17.27,17.179000000000002,24,92,19,28,17.17887714813634,17.178833528047246
329,0,14.868,14.915,14.911,25,92,2,3,14.914732747717288,14.914879540385458
330,1,14.992,15.116,15.052,25,92,3,5,15.060365429256013,15.070493807790394
331,2,15.264000000000001,15.344000000000001,15.300999999999998,25,92,5,10,15.297791348061047,15.297791348061047
332,3,15.556,15.72,15.616,25,92,6,12,15.614688706698338,15.615016400515374
333,4,15.837,15.927999999999999,15.874,25,92,8,14,15.887785600536125,15.8707250973198
334,5,15.988,16.086,16.039,25,92,9,15,16.008996684978747,16.03531639732246
335,6,16.099,16.203,16.149,25,92,10,17,16.15218983247317,16.152190932644274
336,7,16.3,16.438,16.384,25,92,12,19,16.39376036963959,16.38191514747558
337,8,16.438,16.562,16.455,25,92,13,20,16.448454631799272,16.448454631799272
338,9,16.723,16.797,16.767,25,92,15,23,16.768314623435607,16.76831462343561
339,10,16.8,16.874000000000002,16.827,25,92,16,24,16.820439674030673,16.82503476397018
340,11,16.878,16.951,16.910999999999998,25,92,17,26,16.908535934317765,16.908535934317765
341,12,16.995,17.129,17.076,25,92,18,27,17.084047987750232,17.077882848962304
342,13,17.133,17.31,17.176,25,92,19,28,17.17887714813634,17.178833528047246
343,14,17.374000000000002,17.492,17.424,25,92,20,31,17.421538031378084,17.42194889563897
344,0,14.865,14.909,14.909,26,92,2,3,14.914732747717288,14.914879540385458
345,1,14.989,15.117,15.05,26,92,3,5,15.060365429256013,15.070493807790394
346,2,15.171,15.190999999999999,15.174000000000001,26,92,4,9,15.176721350223145,15.151234637803341
347,3,15.56,15.744000000000002,15.617,26,92,6,12,15.614688706698338,15.615016400515374
348,4,15.838,15.929,15.872,26,92,8,14,15.887785600536125,15.8707250973198
349,5,15.989,16.09,16.035999999999998,26,92,9,15,16.008996684978747,16.03531639732246
350,6,16.097,16.211,16.15,26,92,10,17,16.15218983247317,16.152190932644274
351,7,16.315,16.526,16.389,26,92,12,19,16.39376036963959,16.38191514747558
352,8,16.717,16.798,16.771,26,92,15,23,16.768314623435607,16.76831462343561
353,9,16.801,16.878,16.831,26,92,16,25,16.86693692571636,16.82503476397018
354,10,17.003,17.133,17.076,26,92,18,27,17.084047987750232,17.077882848962304
355,11,17.137,17.250999999999998,17.177,26,92,19,28,17.17887714813634,17.178833528047246
356,12,17.372,17.489,17.419,26,92,20,31,17.421538031378084,17.42194889563897
357,0,14.547,14.591,14.591,27,92,0,0,14.617083014540764,14.61697520364879
358,1,14.856,14.933,14.919,27,92,2,3,14.914732747717288,14.914879540385458
359,2,14.933,14.99,14.946,27,92,2,4,14.93663638489459,14.914879540385458
360,3,14.997,15.107000000000001,15.054,27,92,3,5,15.060365429256013,15.070493807790394
361,4,15.110999999999999,15.174000000000001,15.134,27,92,4,8,15.136924726796751,15.151234637803341
362,5,15.190999999999999,15.220999999999998,15.190999999999999,27,92,-1,9,15.176721350223145,15.190999999999999
363,6,15.564,15.745,15.620999999999999,27,92,6,12,15.614688706698338,15.615016400515374
364,7,15.842,15.923,15.876,27,92,8,14,15.887785600536125,15.8707250973198
365,8,15.985999999999999,16.09,16.04,27,92,9,15,16.008996684978747,16.03531639732246
366,9,16.094,16.211,16.154,27,92,10,17,16.15218983247317,16.152190932644274
367,10,16.225,16.278,16.250999999999998,27,92,11,18,16.22983361429619,16.25402327528519
368,11,17.01,17.124000000000002,17.08,27,92,18,27,17.084047987750232,17.077882848962304
369,12,17.127,17.250999999999998,17.177,27,92,19,28,17.17887714813634,17.178833528047246
370,13,17.392,17.429000000000002,17.426,27,92,20,31,17.421538031378084,17.42194889563897
371,0,14.569,14.673,14.626,28,92,0,0,14.617083014540764,14.61697520364879
372,1,14.878,14.985,14.921,28,92,2,3,14.914732747717288,14.914879540385458
373,2,15.005,15.126,15.069,28,92,3,5,15.060365429256013,15.070493807790394
374,3,15.142999999999999,15.2,15.149000000000001,28,92,4,8,15.136924726796751,15.151234637803341
375,4,15.378,15.431,15.427999999999999,28,92,-1,11,15.427999999999999,15.427999999999999
376,5,15.458,15.488,15.488,28,92,-1,12,15.614688706698338,15.488
377,6,15.522,15.75,15.629000000000001,28,92,6,13,15.629000000000001,15.615016400515374
378,7,15.773,15.854000000000001,15.82,28,92,7,14,15.887785600536125,15.81542460405248
379,8,15.857000000000001,15.940999999999999,15.884,28,92,8,15,16.008996684978747,15.8707250973198
380,9,16.002,16.099,16.049,28,92,9,16,16.035956669420155,16.03531639732246
381,10,16.105999999999998,16.226,16.163,28,92,10,17,16.15218983247317,16.152190932644274
382,11,16.74,16.804000000000002,16.78,28,92,15,23,16.768314623435607,16.76831462343561
383,12,16.81,16.881,16.837,28,92,16,25,16.86693692571636,16.82503476397018
384,13,17.035,17.129,17.085,28,92,18,27,17.084047987750232,17.077882848962304
385,14,17.132,17.262999999999998,17.183,28,92,19,28,17.17887714813634,17.178833528047246
386,15,17.381,17.430999999999997,17.428,28,92,20,31,17.421538031378084,17.42194889563897
387,0,14.864,14.975,14.907,29,92,2,3,14.914732747717288,14.914879540385458
388,1,14.991,15.109000000000002,15.052,29,92,3,5,15.060365429256013,15.070493807790394
389,2,15.558,15.76,15.619000000000002,29,92,6,12,15.614688706698338,15.615016400515374
390,3,15.837,15.921,15.877,29,92,8,14,15.887785600536125,15.8707250973198
391,4,15.960999999999999,16.095,16.038,29,92,9,15,16.008996684978747,16.03531639732246
392,5,16.098,16.206,16.149,29,92,10,17,16.15218983247317,16.152190932644274
393,6,16.32,16.528,16.39,29,92,12,19,16.39376036963959,16.38191514747558
394,7,16.719,16.793,16.77,29,92,15,23,16.768314623435607,16.76831462343561
395,8,16.796,16.877,16.83,29,92,16,25,16.86693692571636,16.82503476397018
396,9,17.004,17.125,17.078,29,92,18,27,17.084047987750232,17.077882848962304
397,10,17.129,17.249000000000002,17.179000000000002,29,92,19,28,17.17887714813634,17.178833528047246
398,11,17.373,17.434,17.42,29,92,20,31,17.421538031378084,17.42194889563897
399,12,17.424,17.494,17.434,29,92,20,32,17.434,17.42194889563897
400,0,14.741,14.808,14.780999999999999,30,92,1,2,14.767794573208272,14.767794573208272
401,1,14.862,14.982000000000001,14.912,30,92,2,3,14.914732747717288,14.914879540385458
402,2,14.992,15.11,15.049000000000001,30,92,3,5,15.060365429256013,15.070493807790394
403,3,15.17,15.2,15.17,30,92,4,9,15.176721350223145,15.151234637803341
404,4,15.264000000000001,15.365,15.298,30,92,5,10,15.297791348061047,15.297791348061047
405,5,15.559000000000001,15.72,15.616,30,92,6,12,15.614688706698338,15.615016400515374
406,6,15.965,16.089000000000002,16.039,30,92,9,14,15.887785600536125,16.03531639732246
407,7,16.096,16.207,16.147000000000002,30,92,10,17,16.15218983247317,16.152190932644274
408,8,16.304000000000002,16.516,16.385,30,92,12,19,16.39376036963959,16.38191514747558
409,9,16.717,16.797,16.774,30,92,15,23,16.768314623435607,16.76831462343561
410,10,16.801,16.871,16.820999999999998,30,92,16,25,16.86693692571636,16.82503476397018
411,11,16.875,16.962,16.922,30,92,17,26,16.908535934317765,16.908535934317765
412,12,17.005,17.125999999999998,17.079,30,92,18,27,17.084047987750232,17.077882848962304
413,13,17.13,17.237000000000002,17.177,30,92,19,28,17.17887714813634,17.178833528047246
414,14,17.371,17.495,17.421,30,92,20,31,17.421538031378084,17.42194889563897
415,0,14.850999999999999,14.970999999999998,14.921,31,92,2,3,14.914732747717288,14.914879540385458
416,1,14.975,15.092,15.032,31,92,3,5,15.060365429256013,15.070493807790394
417,2,15.149000000000001,15.243,15.165999999999999,31,92,4,9,15.176721350223145,15.151234637803341
418,3,15.545,15.716,15.599,31,92,6,12,15.614688706698338,15.615016400515374
419,4,15.763,15.802999999999999,15.802999999999999,31,92,7,14,15.887785600536125,15.81542460405248
420,5,15.827,15.914000000000001,15.857000000000001,31,92,8,15,16.008996684978747,15.8707250973198
421,6,15.968,16.075,16.022000000000002,31,92,9,16,16.035956669420155,16.03531639732246
422,7,16.082,16.183,16.132,31,92,10,17,16.15218983247317,16.152190932644274
423,8,16.27,16.451,16.36,31,92,12,19,16.39376036963959,16.38191514747558
424,9,16.451,16.565,16.454,31,92,13,20,16.448454631799272,16.448454631799272
425,10,16.703,16.776,16.746,31,92,15,23,16.768314623435607,16.76831462343561
426,11,16.78,16.85,16.807000000000002,31,92,16,25,16.86693692571636,16.82503476397018
427,12,16.854,16.937,16.894000000000002,31,92,17,26,16.908535934317765,16.908535934317765
428,13,16.980999999999998,17.122,17.062,31,92,18,27,17.084047987750232,17.077882848962304
429,14,17.125,17.162,17.159000000000002,31,92,19,28,17.17887714813634,17.178833528047246
430,15,17.36,17.471,17.414,31,92,20,31,17.421538031378084,17.42194889563897
431,0,14.859000000000002,14.98,14.91,32,92,2,3,14.914732747717288,14.914879540385458
432,1,14.987,15.114,15.05,32,92,3,5,15.060365429256013,15.070493807790394
433,2,15.265,15.339,15.299000000000001,32,92,5,10,15.297791348061047,15.297791348061047
434,3,15.56,15.745,15.617,32,92,6,12,15.614688706698338,15.615016400515374
435,4,15.845999999999998,15.925999999999998,15.869000000000002,32,92,8,14,15.887785600536125,15.8707250973198
436,5,15.997,16.084,16.04,32,92,9,15,16.008996684978747,16.03531639732246
437,6,16.101,16.205,16.151,32,92,10,17,16.15218983247317,16.152190932644274
438,7,16.225,16.292,16.255,32,92,11,18,16.22983361429619,16.25402327528519
439,8,16.718,16.795,16.772000000000002,32,92,15,23,16.768314623435607,16.76831462343561
440,9,16.799,16.875999999999998,16.832,32,92,16,25,16.86693692571636,16.82503476397018
441,10,17.01,17.124000000000002,17.077,32,92,18,27,17.084047987750232,17.077882848962304
442,11,17.127,17.258,17.178,32,92,19,28,17.17887714813634,17.178833528047246
443,12,17.386,17.473,17.423,32,92,20,31,17.421538031378084,17.42194889563897
444,0,14.55,14.664000000000001,14.614,33,92,0,0,14.617083014540764,14.61697520364879
445,1,14.856,14.975999999999999,14.905999999999999,33,92,2,3,14.914732747717288,14.914879540385458
446,2,14.99,15.117,15.052999999999999,33,92,3,5,15.060365429256013,15.070493807790394
447,3,15.56,15.735,15.614,33,92,6,12,15.614688706698338,15.615016400515374
448,4,15.845,15.922,15.872,33,92,8,14,15.887785600536125,15.8707250973198
449,5,15.993,16.083,16.037,33,92,9,15,16.008996684978747,16.03531639732246
450,6,16.1,16.208,16.151,33,92,10,17,16.15218983247317,16.152190932644274
451,7,16.322,16.402,16.382,33,92,12,19,16.39376036963959,16.38191514747558
452,8,16.721,16.798,16.775,33,92,15,23,16.768314623435607,16.76831462343561
453,9,16.801,16.875,16.832,33,92,16,25,16.86693692571636,16.82503476397018
454,10,16.879,16.963,16.912,33,92,17,26,16.908535934317765,16.908535934317765
455,11,17.023,17.12,17.08,33,92,18,27,17.084047987750232,17.077882848962304
456,12,17.124000000000002,17.250999999999998,17.174,33,92,19,28,17.17887714813634,17.178833528047246
457,13,17.375,17.452,17.419,33,92,20,31,17.421538031378084,17.42194889563897
458,0,14.86,14.981,14.91,34,92,2,3,14.914732747717288,14.914879540385458
459,1,14.991,15.110999999999999,15.050999999999998,34,92,3,5,15.060365429256013,15.070493807790394
460,2,15.262,15.296,15.296,34,92,5,10,15.297791348061047,15.297791348061047
461,3,15.558,15.752,15.615,34,92,6,12,15.614688706698338,15.615016400515374
462,4,15.839,15.917,15.873,34,92,8,14,15.887785600536125,15.8707250973198
463,5,15.974,16.088,16.037,34,92,9,15,16.008996684978747,16.03531639732246
464,6,16.094,16.205,16.152,34,92,10,17,16.15218983247317,16.152190932644274
465,7,16.309,16.423,16.386,34,92,12,19,16.39376036963959,16.38191514747558
466,8,16.423,16.521,16.442999999999998,34,92,13,20,16.448454631799272,16.448454631799272
467,9,16.725,16.789,16.772000000000002,34,92,15,23,16.768314623435607,16.76831462343561
468,10,16.796,16.87,16.826,34,92,16,25,16.86693692571636,16.82503476397018
469,11,16.873,16.96,16.913,34,92,17,26,16.908535934317765,16.908535934317765
470,12,17.004,17.125,17.078,34,92,18,27,17.084047987750232,17.077882848962304
471,13,17.128,17.249000000000002,17.175,34,92,19,28,17.17887714813634,17.178833528047246
472,14,17.363,17.463,17.42,34,92,20,31,17.421538031378084,17.42194889563897
473,0,14.552,14.665999999999999,14.616,35,92,0,0,14.617083014540764,14.61697520364879
474,1,14.857000000000001,14.985,14.911,35,92,2,3,14.914732747717288,14.914879540385458
475,2,14.991,15.119000000000002,15.055,35,92,3,5,15.060365429256013,15.070493807790394
476,3,15.562000000000001,15.743,15.619000000000002,35,92,6,12,15.614688706698338,15.615016400515374
477,4,15.777000000000001,15.817,15.817,35,92,7,14,15.887785600536125,15.81542460405248
478,5,15.847000000000001,15.927,15.877,35,92,8,15,16.008996684978747,15.8707250973198
479,6,15.988,16.092,16.038,35,92,9,16,16.035956669420155,16.03531639732246
480,7,16.099,16.213,16.152,35,92,10,17,16.15218983247317,16.152190932644274
481,8,16.726,16.803,16.776,35,92,15,23,16.768314623435607,16.76831462343561
482,9,16.807000000000002,16.874000000000002,16.833,35,92,16,25,16.86693692571636,16.82503476397018
483,10,16.877,16.954,16.910999999999998,35,92,17,26,16.908535934317765,16.908535934317765
484,11,17.028,17.122,17.082,35,92,18,27,17.084047987750232,17.077882848962304
485,12,17.125,17.249000000000002,17.176,35,92,19,28,17.17887714813634,17.178833528047246
486,13,17.37,17.480999999999998,17.417,35,92,20,31,17.421538031378084,17.42194889563897
487,0,14.552999999999999,14.68,14.616,36,92,0,0,14.617083014540764,14.61697520364879
488,1,14.850999999999999,14.989,14.915,36,92,2,3,14.914732747717288,14.914879540385458
489,2,14.992,15.089,15.065999999999999,36,92,3,5,15.060365429256013,15.070493807790394
490,3,15.093,15.2,15.103,36,92,3,6,15.098255557757403,15.070493807790394
491,4,15.573,15.667,15.616,36,92,6,12,15.614688706698338,15.615016400515374
492,5,16.096,16.217,16.15,36,92,10,17,16.15218983247317,16.152190932644274
493,6,17.022000000000002,17.119,17.079,36,92,18,27,17.084047987750232,17.077882848962304
494,7,17.123,17.267,17.18,36,92,19,28,17.17887714813634,17.178833528047246
495,0,14.55,14.661,14.61,37,92,0,0,14.617083014540764,14.61697520364879
496,1,14.852,14.975999999999999,14.905999999999999,37,92,2,3,14.914732747717288,14.914879540385458
497,2,14.989,15.114,15.056,37,92,3,5,15.060365429256013,15.070493807790394
498,3,15.562999999999999,15.717,15.617,37,92,6,12,15.614688706698338,15.615016400515374
499,4,15.818,15.845,15.821,37,92,7,14,15.887785600536125,15.81542460405248
500,5,15.852,15.919,15.875,37,92,8,15,16.008996684978747,15.8707250973198
501,6,15.993,16.087,16.035999999999998,37,92,9,16,16.035956669420155,16.03531639732246
502,7,16.093,16.217,16.15,37,92,10,17,16.15218983247317,16.152190932644274
503,8,17.023,17.12,17.076,37,92,18,27,17.084047987750232,17.077882848962304
504,9,17.123,17.254,17.174,37,92,19,28,17.17887714813634,17.178833528047246
505,0,14.982000000000001,15.095999999999998,15.039000000000001,38,92,3,5,15.060365429256013,15.070493807790394
506,1,15.546,15.717,15.606,38,92,6,12,15.614688706698338,15.615016400515374
507,2,15.834000000000001,15.915,15.860999999999999,38,92,8,14,15.887785600536125,15.8707250973198
508,3,15.972000000000001,16.079,16.026,38,92,9,15,16.008996684978747,16.03531639732246
509,4,16.083,16.197,16.14,38,92,10,17,16.15218983247317,16.152190932644274
510,5,16.307000000000002,16.428,16.375,38,92,12,19,16.39376036963959,16.38191514747558
511,6,16.435,16.502,16.448,38,92,13,20,16.448454631799272,16.448454631799272
512,7,16.717,16.787,16.76,38,92,15,23,16.768314623435607,16.76831462343561
513,8,16.791,16.861,16.814,38,92,16,25,16.86693692571636,16.82503476397018
514,9,16.995,17.116,17.069000000000003,38,92,18,27,17.084047987750232,17.077882848962304
515,10,17.119,17.227,17.163,38,92,19,28,17.17887714813634,17.178833528047246
516,11,17.364,17.465,17.408,38,92,20,31,17.421538031378084,17.42194889563897
517,0,14.722999999999999,14.797,14.764000000000001,39,92,1,2,14.767794573208272,14.767794573208272
518,1,14.978,15.095999999999998,15.035,39,92,3,5,15.060365429256013,15.070493807790394
519,2,15.542,15.73,15.602,39,92,6,12,15.614688706698338,15.615016400515374
520,3,15.82,15.911,15.860999999999999,39,92,8,14,15.887785600536125,15.8707250973198
521,4,15.950999999999999,16.075,16.022000000000002,39,92,9,15,16.008996684978747,16.03531639732246
522,5,16.079,16.149,16.129,39,92,10,17,16.15218983247317,16.152190932644274
523,6,16.153,16.19,16.153,39,92,10,18,16.22983361429619,16.152190932644274
524,7,16.706,16.783,16.76,39,92,15,23,16.768314623435607,16.76831462343561
525,8,16.814,16.861,16.82,39,92,16,19,16.39376036963959,16.82503476397018
526,9,16.864,16.941,16.897000000000002,39,92,17,26,16.908535934317765,16.908535934317765
527,10,16.988,17.059,17.025,39,92,18,25,16.86693692571636,17.077882848962304
528,11,16.988,17.125999999999998,17.062,39,92,18,27,17.084047987750232,17.077882848962304
529,12,17.129,17.173,17.159000000000002,39,92,19,28,17.17887714813634,17.178833528047246
530,13,17.199,17.226,17.199,39,92,19,29,17.199,17.178833528047246
531,14,17.36,17.477999999999998,17.421,39,92,20,31,17.421538031378084,17.42194889563897
532,0,14.731,14.765,14.761,40,92,1,2,14.767794573208272,14.767794573208272
533,1,14.849,14.963,14.895999999999999,40,92,2,3,14.914732747717288,14.914879540385458
534,2,14.98,15.104000000000001,15.037,40,92,3,5,15.060365429256013,15.070493807790394
535,3,15.248,15.339,15.285,40,92,5,10,15.297791348061047,15.297791348061047
536,4,15.54,15.700999999999999,15.604000000000001,40,92,6,12,15.614688706698338,15.615016400515374
537,5,15.825,15.915999999999999,15.859000000000002,40,92,8,14,15.887785600536125,15.8707250973198
538,6,15.946,16.08,16.023,40,92,9,15,16.008996684978747,16.03531639732246
539,7,16.083,16.191,16.137,40,92,10,17,16.15218983247317,16.152190932644274
540,8,16.285,16.496,16.375,40,92,12,19,16.39376036963959,16.38191514747558
541,9,16.701,16.781,16.758,40,92,15,23,16.768314623435607,16.76831462343561
542,10,16.785,16.862000000000002,16.815,40,92,16,25,16.86693692571636,16.82503476397018
543,11,16.993,17.113,17.066,40,92,18,27,17.084047987750232,17.077882848962304
544,12,17.117,17.227999999999998,17.16,40,92,19,28,17.17887714813634,17.178833528047246
545,13,17.355,17.476,17.409000000000002,40,92,20,31,17.421538031378084,17.42194889563897
